,video_name,frameRate,width,height,totalFrame,frame_cnt
0,01_G_01_R_100_ch1_01,30.0,1280,1024,137424,137424
1,01_G_01_R_100_ch1_03,30.0,1280,1024,136362,136363
2,01_G_01_R_100_ch1_05,30.0,1280,1024,37232,37232
3,01_G_01_R_13_ch1_01,30.0,1280,1024,137397,137397
4,01_G_01_R_13_ch1_03,30.0,1280,1024,113447,113447
5,01_G_01_R_202_ch1_01,30.0,1280,1024,137407,137407
6,01_G_01_R_202_ch1_03,30.0,1280,1024,137572,137572
7,01_G_01_R_202_ch1_05,30.0,1280,1024,105479,105479
8,01_G_01_R_2_ch1_01,30.0,1280,1024,136952,136952
9,01_G_01_R_2_ch1_03,30.0,1280,1024,80289,80290
10,01_G_01_R_301_ch1_01,30.0,1280,1024,137397,137397
11,01_G_01_R_301_ch1_04,30.0,1280,1024,75144,75144
12,01_G_01_R_302_ch1_01,30.0,1280,1024,137242,137242
13,01_G_01_R_302_ch1_04,30.0,1280,1024,54785,54786
14,01_G_01_R_313_ch1_01,30.0,1280,1024,137227,137227
15,01_G_01_R_313_ch1_03,30.0,1280,1024,93620,93620
16,01_G_01_R_6_ch1_01,30.0,1280,1024,137670,137670
17,01_G_01_R_6_ch1_03,30.0,1280,1024,137669,137669
18,01_G_01_R_6_ch1_05,30.0,1280,1024,64185,64185
19,01_G_01_R_74_ch1_01,30.0,1280,1024,137879,137879
20,01_G_01_R_74_ch1_03,30.0,1280,1024,127144,127144
21,01_G_01_R_311_ch1_01,30.0,1280,1024,137312,137312
22,01_G_01_R_311_ch1_03,30.0,1280,1024,75145,75145
23,01_G_01_R_312_ch1_02,30.0,1280,1024,137359,137359
24,01_G_01_R_312_ch1_03,30.0,1280,1024,89084,89084
25,01_G_01_R_336_ch1_01,30.0,1280,1024,137533,137533
26,01_G_01_R_336_ch1_04,30.0,1280,1024,47920,47920
27,01_G_01_R_362_ch1_01,30.0,1280,1024,137166,137166
28,01_G_01_R_362_ch1_03,30.0,1280,1024,137257,137257
29,01_G_01_R_362_ch1_05,30.0,1280,1024,102563,102563
30,01_G_01_R_363_ch1_01,30.0,1280,1024,137401,137401
31,01_G_01_R_363_ch1_03,30.0,1280,1024,73437,73437
32,01_G_01_R_386_ch1_01,30.0,1280,1024,137245,137246
33,01_G_01_R_386_ch1_03,30.0,1280,1024,84599,84599
34,01_G_01_R_405_ch1_01,30.0,1280,1024,137180,137180
35,01_G_01_R_405_ch1_03,30.0,1280,1024,137366,137366
36,01_G_01_R_405_ch1_05,30.0,1280,1024,126768,126768
37,01_G_01_R_418_ch1_02,30.0,1280,1024,137515,137517
38,01_G_01_R_418_ch1_04,30.0,1280,1024,137547,137548
39,01_G_01_R_418_ch1_06,30.0,1280,1024,48949,48949
40,01_G_01_R_423_ch1_01,30.0,1280,1024,137467,137467
41,01_G_01_R_423_ch1_03,30.0,1280,1024,92579,92579
42,01_G_01_R_424_ch2_02,30.0,1280,1024,137145,137145
43,01_G_01_R_424_ch2_04,30.0,1280,1024,50189,50189
44,01_G_01_R_526_ch1_01,30.0,1280,1024,187763,187763
45,01_GS3_06_R_154_01,30.0,1280,1024,137832,137832
46,01_GS3_06_R_154_02,30.0,1280,1024,101242,101242
47,01_GS3_06_R_154_03,30.0,1280,1024,137438,137438
48,01_GS3_06_R_154_04,30.0,1280,1024,136854,136854
49,01_GS3_06_R_154_05,30.0,1280,1024,30138,30138
50,01_GS3_06_R_155_01,30.0,1280,1024,137446,137447
51,01_GS3_06_R_155_02,30.0,1280,1024,104370,104370
52,01_GS3_06_R_156_01,30.0,1280,1024,137472,137472
53,01_GS3_06_R_156_02,30.0,1280,1024,87823,87823
54,01_GS3_06_R_157_01,30.0,1280,1024,200576,200576
55,01_GS3_06_R_158_01,30.0,1280,1024,208724,208726
56,01_GS3_06_R_160_01,30.0,1280,1024,137472,137472
57,01_GS3_06_R_160_02,30.0,1280,1024,98967,98967
58,01_GS3_06_R_161_01,30.0,1280,1024,204992,204992
59,01_GS3_06_R_162_01,30.0,1280,1024,160954,160954
60,01_GS3_06_R_163_01,30.0,1280,1024,370041,370041
61,01_GS3_06_R_164_01,30.0,1280,1024,396673,396673
62,01_GS3_06_R_165_01,30.0,1280,1024,248147,248148
63,01_GS3_06_R_166_01,30.0,1280,1024,293438,293438
64,01_GS3_06_R_167_01,30.0,1280,1024,137664,137666
65,01_GS3_06_R_167_02,30.0,1280,1024,137957,137957
66,01_GS3_06_R_167_03,30.0,1280,1024,46686,46686
67,01_GS3_06_R_168_01,30.0,1280,1024,205117,205119
68,01_GS3_06_R_169_01,30.0,1280,1024,218407,218407
69,01_GS3_06_R_170_01,30.0,1280,1024,290606,290607
70,01_GS3_06_R_171_01,30.0,1280,1024,234970,234970
71,01_GS3_06_R_172_01,30.0,1280,1024,244909,244910
72,01_GS3_06_R_46_01,30.0,1280,1024,137429,137429
73,01_GS3_06_R_46_02,30.0,1280,1024,19838,19838
74,01_GS3_06_R_6_01,30.0,1280,1024,137288,137289
75,01_GS3_06_R_6_02,30.0,1280,1024,47841,47841
